URL,Title
https://vimeo.com/909291116,"Genuary Days 18 and 20: Bauhaus and Generative Typography"
https://vimeo.com/909290520,"Genuary Day 13: Wobbly function day."
https://vimeo.com/909289907,"Genuary Day 12: Lava lamp."
https://vimeo.com/909287722,"Genuary Day 7: Progress bar / indicator / loading animation."
https://vimeo.com/900027014,"Genuary Day 4: Pixels"
https://vimeo.com/899264902,"Genuary Day 2: No palettes reaction diffusion"
https://vimeo.com/811824056,"Dissipative bifurcation"
https://vimeo.com/811123214,"Juulijenne"
https://vimeo.com/810335648,"Fragmented Cortex Manipulation"
https://vimeo.com/810335031,"Gradiliste"
https://vimeo.com/809357999,"Particle Lurch"
https://vimeo.com/809357246,"Stripes"
https://vimeo.com/809356954,"Radiator Wannabe"
https://vimeo.com/809356191,"Juulijana"
https://vimeo.com/809355848,"Perimeter Scope"
https://vimeo.com/809354479,"Eternal push"
https://vimeo.com/809354031,"1:45AM"
https://vimeo.com/809352712,"Julietta"
https://vimeo.com/809351893,"Changing Winds"
https://vimeo.com/809351512,"Julia"
https://vimeo.com/701393431,"Dunes of Turing"
https://vimeo.com/669567101,"Cube Storm"
https://vimeo.com/669566894,"No Way Out"
https://vimeo.com/669566474,"Control"
https://vimeo.com/669566064,"Noise Lumnination"
https://vimeo.com/669565784,"GenJutsu"
https://vimeo.com/669564543,"Outsider"
https://vimeo.com/669561059,"Proteus Magic"
https://vimeo.com/667028651,"Gradiliste1"
https://vimeo.com/667028619,"Konnect"
https://vimeo.com/667028599,"Noise_Ride"
https://vimeo.com/667027021,"These Days"
https://vimeo.com/667026951,"Vieux Yeux"
https://vimeo.com/667026716,"3Ds"
https://vimeo.com/657982356,"Nimbus Clouds"
https://vimeo.com/656441981,"Brapp Clouds"
https://vimeo.com/656017943,"Cloud Elements"
https://vimeo.com/327348395,"New Stuff"
https://vimeo.com/139818727,"REMEDY Sept 18th 2015 clip 2"
https://vimeo.com/139818577,"REMEDY Sept 18th 2015 TINMAN"
https://vimeo.com/137573748,"Delta"
https://vimeo.com/133483783,"Sphere Morph"
https://vimeo.com/132999926,"Sphere Squish"
https://vimeo.com/132996703,"Square Displacement"
https://vimeo.com/132730098,"Grinch Animation"
https://vimeo.com/132730097,"City Camera Move"
https://vimeo.com/132571009,"Displacement"
https://vimeo.com/132300089,"Grinch Intro Full sound"
https://vimeo.com/132299342,"GRNCH - Genjutsu Music Video"
https://vimeo.com/131840655,"Marble of Marbles with EFX"
https://vimeo.com/131622447,"Rock Explosion with EFX"
https://vimeo.com/131607051,"Rock Formation with EFX"
https://vimeo.com/131504951,"Abstract Boxes with EFX"
https://vimeo.com/131395564,"Pipes 3D with VDMX EFX"